{
   "id": "659d3af7438f5062df95107d",
   "name": "EfficientNet-V2-S OpenVINO FP32",
   "version": 2,
   "creation_date": "2024-01-09T12:24:23.337000+00:00",
   "model_format": "OpenVINO",
   "precision": [
      "FP32"
   ],
   "has_xai_head": false,
   "target_device": "CPU",
   "target_device_type": null,
   "performance": {
      "score": 0.906832298136646
   },
   "size": 81085420,
   "latency": 0,
   "fps_throughput": 0,
   "optimization_type": "MO",
   "optimization_objectives": {},
   "model_status": "SUCCESS",
   "configurations": [],
   "previous_revision_id": "659d3af7438f5062df95107b",
   "previous_trained_revision_id": "659d3af7438f5062df95107b",
   "optimization_methods": []
}