{
   "id": "6597d9be438f5062df92f92d",
   "name": "EfficientNet-V2-S OpenVINO FP32",
   "version": 2,
   "creation_date": "2024-01-05T10:28:14.684000+00:00",
   "model_format": "OpenVINO",
   "precision": [
      "FP32"
   ],
   "has_xai_head": false,
   "target_device": "CPU",
   "target_device_type": null,
   "performance": {
      "score": 0.9507299270072993
   },
   "size": 81079194,
   "latency": 0,
   "fps_throughput": 0,
   "optimization_type": "MO",
   "optimization_objectives": {},
   "model_status": "SUCCESS",
   "configurations": [],
   "previous_revision_id": "6597d9be438f5062df92f92b",
   "previous_trained_revision_id": "6597d9be438f5062df92f92b",
   "optimization_methods": []
}