{
   "id": "6597280d438f5062df91c040",
   "name": "EfficientNet-B0 OpenVINO FP32",
   "version": 3,
   "creation_date": "2024-01-04T21:50:05.812000+00:00",
   "model_format": "OpenVINO",
   "precision": [
      "FP32"
   ],
   "has_xai_head": false,
   "target_device": "CPU",
   "target_device_type": null,
   "performance": {
      "score": 0.8964803312629399
   },
   "size": 16252787,
   "latency": 0,
   "fps_throughput": 0,
   "optimization_type": "MO",
   "optimization_objectives": {},
   "model_status": "SUCCESS",
   "configurations": [],
   "previous_revision_id": "6597280d438f5062df91c03e",
   "previous_trained_revision_id": "6597280d438f5062df91c03e",
   "optimization_methods": []
}