{
   "id": "6596e2a3438f5062df90730c",
   "name": "EfficientNet-B0 OpenVINO FP32",
   "version": 2,
   "creation_date": "2024-01-04T16:53:55.492000+00:00",
   "model_format": "OpenVINO",
   "precision": [
      "FP32"
   ],
   "has_xai_head": false,
   "target_device": "CPU",
   "target_device_type": null,
   "performance": {
      "score": 0.9306569343065694
   },
   "size": 16246561,
   "latency": 0,
   "fps_throughput": 0,
   "optimization_type": "MO",
   "optimization_objectives": {},
   "model_status": "SUCCESS",
   "configurations": [],
   "previous_revision_id": "6596e2a3438f5062df90730a",
   "previous_trained_revision_id": "6596e2a3438f5062df90730a",
   "optimization_methods": []
}